                  epoch,         train/pos_loss,        train/conf_loss,         train/hit_loss,   metrics/precision(B),      metrics/recall(B),       metrics/mAP50(B),    metrics/mAP50-95(B),           val/pos_loss,          val/conf_loss,           val/hit_loss,                 lr/pg0,                 lr/pg1,                 lr/pg2
                      0,                   1039,                  65256,                  24629,                      0,                      0,                      0,                      0,                      0,                      0,                      0,              0.0033305,              0.0033305,              0.0033305
                      1,                 413.45,                 6352.5,                 508.69,                      0,                      0,                      0,                      0,                      0,                      0,                      0,              0.0066309,              0.0066309,              0.0066309
                      2,                 333.63,                 5037.5,                 40.786,                      0,                      0,                      0,                      0,                      0,                      0,                      0,              0.0098982,              0.0098982,              0.0098982
                      3,                  295.8,                 3856.8,                 8.1083,                      0,                      0,                      0,                      0,                      0,                      0,                      0,              0.0098515,              0.0098515,              0.0098515
                      4,                 252.33,                 2473.9,                 2.4252,                      0,                      0,                      0,                      0,                      0,                      0,                      0,              0.0098515,              0.0098515,              0.0098515
                      5,                 222.94,                 1957.4,                 1.1841,                      0,                      0,                      0,                      0,                      0,                      0,                      0,               0.009802,               0.009802,               0.009802
                      6,                 201.27,                 1922.8,                0.73467,                      0,                      0,                      0,                      0,                      0,                      0,                      0,              0.0097525,              0.0097525,              0.0097525
                      7,                 181.98,                 1666.8,                0.52208,                      0,                      0,                      0,                      0,                      0,                      0,                      0,               0.009703,               0.009703,               0.009703
                      8,                 162.81,                 1282.2,                 0.4103,                      0,                      0,                      0,                      0,                      0,                      0,                      0,              0.0096535,              0.0096535,              0.0096535
                      9,                 150.63,                 1188.5,                0.33291,                      0,                      0,                      0,                      0,                      0,                      0,                      0,               0.009604,               0.009604,               0.009604
                     10,                 131.74,                 1026.2,                0.28579,                      0,                      0,                      0,                      0,                      0,                      0,                      0,              0.0095545,              0.0095545,              0.0095545
                     11,                 119.34,                 953.94,                0.25009,                      0,                      0,                      0,                      0,                      0,                      0,                      0,               0.009505,               0.009505,               0.009505
                     12,                 112.87,                 991.62,                0.22368,                      0,                      0,                      0,                      0,                      0,                      0,                      0,              0.0094555,              0.0094555,              0.0094555
                     13,                 105.19,                 859.61,                0.20217,                      0,                      0,                      0,                      0,                      0,                      0,                      0,               0.009406,               0.009406,               0.009406
                     14,                  98.33,                  695.2,                0.17991,                      0,                      0,                      0,                      0,                      0,                      0,                      0,              0.0093565,              0.0093565,              0.0093565
                     15,                 92.191,                 647.16,                 0.1611,                      0,                      0,                      0,                      0,                      0,                      0,                      0,               0.009307,               0.009307,               0.009307
                     16,                 88.812,                 617.69,                0.15291,                      0,                      0,                      0,                      0,                      0,                      0,                      0,              0.0092575,              0.0092575,              0.0092575
                     17,                 83.335,                 583.47,                0.13564,                      0,                      0,                      0,                      0,                      0,                      0,                      0,               0.009208,               0.009208,               0.009208
                     18,                 79.843,                 542.65,                0.12633,                      0,                      0,                      0,                      0,                      0,                      0,                      0,              0.0091585,              0.0091585,              0.0091585
                     19,                 76.078,                 519.31,                0.11586,                      0,                      0,                      0,                      0,                      0,                      0,                      0,               0.009109,               0.009109,               0.009109
                     20,                 74.986,                 490.96,                0.10747,                      0,                      0,                      0,                      0,                      0,                      0,                      0,              0.0090595,              0.0090595,              0.0090595
                     21,                  69.61,                 480.82,                0.10224,                      0,                      0,                      0,                      0,                      0,                      0,                      0,                0.00901,                0.00901,                0.00901
                     22,                 67.952,                 458.06,                0.09473,                      0,                      0,                      0,                      0,                      0,                      0,                      0,              0.0089605,              0.0089605,              0.0089605
                     23,                 66.324,                 419.99,                0.08988,                      0,                      0,                      0,                      0,                      0,                      0,                      0,               0.008911,               0.008911,               0.008911
                     24,                 64.545,                 480.16,                0.08799,                      0,                      0,                      0,                      0,                      0,                      0,                      0,              0.0088615,              0.0088615,              0.0088615
                     25,                 62.834,                 370.84,                0.08313,                      0,                      0,                      0,                      0,                      0,                      0,                      0,               0.008812,               0.008812,               0.008812
                     26,                 61.134,                 382.48,                0.07957,                      0,                      0,                      0,                      0,                      0,                      0,                      0,              0.0087625,              0.0087625,              0.0087625
                     27,                 58.964,                 374.55,                0.07689,                      0,                      0,                      0,                      0,                      0,                      0,                      0,               0.008713,               0.008713,               0.008713
                     28,                   57.4,                  375.9,                0.07662,                      0,                      0,                      0,                      0,                      0,                      0,                      0,              0.0086635,              0.0086635,              0.0086635
                     29,                 56.465,                 384.73,                0.07242,                      0,                      0,                      0,                      0,                      0,                      0,                      0,               0.008614,               0.008614,               0.008614
                     30,                 54.692,                 361.02,                0.07051,                      0,                      0,                      0,                      0,                      0,                      0,                      0,              0.0085645,              0.0085645,              0.0085645
                     31,                 53.207,                 340.37,                0.06964,                      0,                      0,                      0,                      0,                      0,                      0,                      0,               0.008515,               0.008515,               0.008515
                     32,                 52.485,                 319.48,                0.06752,                      0,                      0,                      0,                      0,                      0,                      0,                      0,              0.0084655,              0.0084655,              0.0084655
                     33,                 50.811,                  354.8,                0.06634,                      0,                      0,                      0,                      0,                      0,                      0,                      0,               0.008416,               0.008416,               0.008416
                     34,                 50.472,                 312.33,                0.06442,                      0,                      0,                      0,                      0,                      0,                      0,                      0,              0.0083665,              0.0083665,              0.0083665
                     35,                 48.115,                 279.37,                0.06357,                      0,                      0,                      0,                      0,                      0,                      0,                      0,               0.008317,               0.008317,               0.008317
                     36,                 46.673,                 292.83,                0.06118,                      0,                      0,                      0,                      0,                      0,                      0,                      0,              0.0082675,              0.0082675,              0.0082675
                     37,                 46.689,                 280.88,                0.06004,                      0,                      0,                      0,                      0,                      0,                      0,                      0,               0.008218,               0.008218,               0.008218
                     38,                 46.522,                 292.88,                0.05961,                      0,                      0,                      0,                      0,                      0,                      0,                      0,              0.0081685,              0.0081685,              0.0081685
                     39,                 45.579,                 283.43,                0.05849,                      0,                      0,                      0,                      0,                      0,                      0,                      0,               0.008119,               0.008119,               0.008119
                     40,                 44.312,                 285.85,                0.05827,                      0,                      0,                      0,                      0,                      0,                      0,                      0,              0.0080695,              0.0080695,              0.0080695
                     41,                 44.544,                 268.63,                0.05555,                      0,                      0,                      0,                      0,                      0,                      0,                      0,                0.00802,                0.00802,                0.00802
                     42,                  42.96,                 262.16,                0.05425,                      0,                      0,                      0,                      0,                      0,                      0,                      0,              0.0079705,              0.0079705,              0.0079705
                     43,                 43.312,                 278.99,                0.05342,                      0,                      0,                      0,                      0,                      0,                      0,                      0,               0.007921,               0.007921,               0.007921
                     44,                 41.909,                 285.14,                0.05239,                      0,                      0,                      0,                      0,                      0,                      0,                      0,              0.0078715,              0.0078715,              0.0078715
                     45,                  41.02,                 235.29,                0.05088,                      0,                      0,                      0,                      0,                      0,                      0,                      0,               0.007822,               0.007822,               0.007822
                     46,                 41.606,                 273.93,                0.05017,                      0,                      0,                      0,                      0,                      0,                      0,                      0,              0.0077725,              0.0077725,              0.0077725
                     47,                 40.298,                 229.22,                0.05044,                      0,                      0,                      0,                      0,                      0,                      0,                      0,               0.007723,               0.007723,               0.007723
                     48,                 39.693,                 225.11,                0.05029,                      0,                      0,                      0,                      0,                      0,                      0,                      0,              0.0076735,              0.0076735,              0.0076735
                     49,                 39.074,                 217.84,                0.05073,                      0,                      0,                      0,                      0,                      0,                      0,                      0,               0.007624,               0.007624,               0.007624
                     50,                 38.697,                  235.6,                0.05074,                      0,                      0,                      0,                      0,                      0,                      0,                      0,              0.0075745,              0.0075745,              0.0075745
                     51,                  38.69,                 226.35,                0.05082,                      0,                      0,                      0,                      0,                      0,                      0,                      0,               0.007525,               0.007525,               0.007525
                     52,                 38.095,                 231.09,                 0.0506,                      0,                      0,                      0,                      0,                      0,                      0,                      0,              0.0074755,              0.0074755,              0.0074755
                     53,                 38.052,                 234.23,                0.05039,                      0,                      0,                      0,                      0,                      0,                      0,                      0,               0.007426,               0.007426,               0.007426
                     54,                 38.064,                 218.73,                 0.0492,                      0,                      0,                      0,                      0,                      0,                      0,                      0,              0.0073765,              0.0073765,              0.0073765
                     55,                 36.824,                 203.52,                0.04795,                      0,                      0,                      0,                      0,                      0,                      0,                      0,               0.007327,               0.007327,               0.007327
                     56,                 36.366,                 199.55,                0.04662,                      0,                      0,                      0,                      0,                      0,                      0,                      0,              0.0072775,              0.0072775,              0.0072775
                     57,                 36.065,                 211.55,                0.04489,                      0,                      0,                      0,                      0,                      0,                      0,                      0,               0.007228,               0.007228,               0.007228
                     58,                 35.458,                 186.08,                0.04338,                      0,                      0,                      0,                      0,                      0,                      0,                      0,              0.0071785,              0.0071785,              0.0071785
                     59,                 34.918,                 224.56,                0.04225,                      0,                      0,                      0,                      0,                      0,                      0,                      0,               0.007129,               0.007129,               0.007129
                     60,                 34.867,                 211.35,                0.04231,                      0,                      0,                      0,                      0,                      0,                      0,                      0,              0.0070795,              0.0070795,              0.0070795
                     61,                 34.672,                 213.54,                0.04345,                      0,                      0,                      0,                      0,                      0,                      0,                      0,                0.00703,                0.00703,                0.00703
                     62,                 34.309,                 170.42,                0.04434,                      0,                      0,                      0,                      0,                      0,                      0,                      0,              0.0069805,              0.0069805,              0.0069805
                     63,                 33.816,                 186.26,                0.04444,                      0,                      0,                      0,                      0,                      0,                      0,                      0,               0.006931,               0.006931,               0.006931
                     64,                 33.552,                 169.08,                0.04513,                      0,                      0,                      0,                      0,                      0,                      0,                      0,              0.0068815,              0.0068815,              0.0068815
                     65,                 33.154,                 188.75,                0.04537,                      0,                      0,                      0,                      0,                      0,                      0,                      0,               0.006832,               0.006832,               0.006832
                     66,                 33.666,                 200.02,                0.04459,                      0,                      0,                      0,                      0,                      0,                      0,                      0,              0.0067825,              0.0067825,              0.0067825
                     67,                  32.61,                 174.49,                0.04262,                      0,                      0,                      0,                      0,                      0,                      0,                      0,               0.006733,               0.006733,               0.006733
                     68,                 32.424,                 164.21,                0.04101,                      0,                      0,                      0,                      0,                      0,                      0,                      0,              0.0066835,              0.0066835,              0.0066835
                     69,                 32.765,                  164.9,                0.03997,                      0,                      0,                      0,                      0,                      0,                      0,                      0,               0.006634,               0.006634,               0.006634
                     70,                 32.184,                 188.14,                0.03965,                      0,                      0,                      0,                      0,                      0,                      0,                      0,              0.0065845,              0.0065845,              0.0065845
                     71,                 31.798,                 167.13,                0.03905,                      0,                      0,                      0,                      0,                      0,                      0,                      0,               0.006535,               0.006535,               0.006535
                     72,                 31.654,                    191,                0.03785,                      0,                      0,                      0,                      0,                      0,                      0,                      0,              0.0064855,              0.0064855,              0.0064855
                     73,                 31.494,                 161.67,                0.03941,                      0,                      0,                      0,                      0,                      0,                      0,                      0,               0.006436,               0.006436,               0.006436
                     74,                 31.285,                  182.9,                0.03985,                      0,                      0,                      0,                      0,                      0,                      0,                      0,              0.0063865,              0.0063865,              0.0063865
                     75,                 30.753,                 159.36,                0.04115,                      0,                      0,                      0,                      0,                      0,                      0,                      0,               0.006337,               0.006337,               0.006337
                     76,                 30.224,                 157.67,                0.04177,                      0,                      0,                      0,                      0,                      0,                      0,                      0,              0.0062875,              0.0062875,              0.0062875
                     77,                 30.721,                 162.09,                0.04238,                      0,                      0,                      0,                      0,                      0,                      0,                      0,               0.006238,               0.006238,               0.006238
                     78,                 30.353,                 146.59,                0.04272,                      0,                      0,                      0,                      0,                      0,                      0,                      0,              0.0061885,              0.0061885,              0.0061885
                     79,                 29.304,                 152.27,                0.04257,                      0,                      0,                      0,                      0,                      0,                      0,                      0,               0.006139,               0.006139,               0.006139
                     80,                 29.857,                 169.91,                0.04273,                      0,                      0,                      0,                      0,                      0,                      0,                      0,              0.0060895,              0.0060895,              0.0060895
                     81,                  29.27,                 157.97,                 0.0431,                      0,                      0,                      0,                      0,                      0,                      0,                      0,                0.00604,                0.00604,                0.00604
                     82,                 29.393,                 160.22,                0.04305,                      0,                      0,                      0,                      0,                      0,                      0,                      0,              0.0059905,              0.0059905,              0.0059905
                     83,                 29.071,                 155.91,                0.04341,                      0,                      0,                      0,                      0,                      0,                      0,                      0,               0.005941,               0.005941,               0.005941
                     84,                  29.22,                 151.98,                0.04403,                      0,                      0,                      0,                      0,                      0,                      0,                      0,              0.0058915,              0.0058915,              0.0058915
                     85,                   28.6,                 139.16,                0.04334,                      0,                      0,                      0,                      0,                      0,                      0,                      0,               0.005842,               0.005842,               0.005842
                     86,                 28.363,                  152.3,                0.04252,                      0,                      0,                      0,                      0,                      0,                      0,                      0,              0.0057925,              0.0057925,              0.0057925
                     87,                 27.906,                  168.8,                0.04262,                      0,                      0,                      0,                      0,                      0,                      0,                      0,               0.005743,               0.005743,               0.005743
                     88,                 27.785,                 154.28,                0.04304,                      0,                      0,                      0,                      0,                      0,                      0,                      0,              0.0056935,              0.0056935,              0.0056935
                     89,                 27.859,                 156.67,                0.04299,                      0,                      0,                      0,                      0,                      0,                      0,                      0,               0.005644,               0.005644,               0.005644
                     90,                 27.904,                  162.8,                0.04298,                      0,                      0,                      0,                      0,                      0,                      0,                      0,              0.0055945,              0.0055945,              0.0055945
                     91,                 27.328,                  141.1,                0.04296,                      0,                      0,                      0,                      0,                      0,                      0,                      0,               0.005545,               0.005545,               0.005545
                     92,                 26.964,                 137.18,                0.04277,                      0,                      0,                      0,                      0,                      0,                      0,                      0,              0.0054955,              0.0054955,              0.0054955
                     93,                 26.653,                 124.97,                0.04274,                      0,                      0,                      0,                      0,                      0,                      0,                      0,               0.005446,               0.005446,               0.005446
                     94,                 27.012,                    179,                0.04223,                      0,                      0,                      0,                      0,                      0,                      0,                      0,              0.0053965,              0.0053965,              0.0053965
                     95,                 26.597,                 132.84,                0.04225,                      0,                      0,                      0,                      0,                      0,                      0,                      0,               0.005347,               0.005347,               0.005347
                     96,                  26.63,                 138.13,                0.04153,                      0,                      0,                      0,                      0,                      0,                      0,                      0,              0.0052975,              0.0052975,              0.0052975
                     97,                 26.151,                 127.42,                0.04128,                      0,                      0,                      0,                      0,                      0,                      0,                      0,               0.005248,               0.005248,               0.005248
                     98,                 26.463,                 133.13,                 0.0412,                      0,                      0,                      0,                      0,                      0,                      0,                      0,              0.0051985,              0.0051985,              0.0051985
                     99,                 26.002,                 129.12,                  0.041,                      0,                      0,                      0,                      0,                      0,                      0,                      0,               0.005149,               0.005149,               0.005149
                    100,                 25.839,                 111.63,                0.04131,                      0,                      0,                      0,                      0,                      0,                      0,                      0,              0.0050995,              0.0050995,              0.0050995
                    101,                  25.62,                 144.12,                 0.0408,                      0,                      0,                      0,                      0,                      0,                      0,                      0,                0.00505,                0.00505,                0.00505
                    102,                 25.606,                 123.92,                0.04098,                      0,                      0,                      0,                      0,                      0,                      0,                      0,              0.0050005,              0.0050005,              0.0050005
                    103,                 25.385,                 155.29,                0.04095,                      0,                      0,                      0,                      0,                      0,                      0,                      0,               0.004951,               0.004951,               0.004951
                    104,                 24.891,                 123.62,                0.03941,                      0,                      0,                      0,                      0,                      0,                      0,                      0,              0.0049015,              0.0049015,              0.0049015
                    105,                 25.244,                 131.97,                0.03967,                      0,                      0,                      0,                      0,                      0,                      0,                      0,               0.004852,               0.004852,               0.004852
                    106,                 24.955,                 122.06,                0.03886,                      0,                      0,                      0,                      0,                      0,                      0,                      0,              0.0048025,              0.0048025,              0.0048025
                    107,                 24.792,                 135.17,                 0.0391,                      0,                      0,                      0,                      0,                      0,                      0,                      0,               0.004753,               0.004753,               0.004753
                    108,                 24.252,                  124.7,                0.03912,                      0,                      0,                      0,                      0,                      0,                      0,                      0,              0.0047035,              0.0047035,              0.0047035
                    109,                 24.517,                 116.47,                0.03885,                      0,                      0,                      0,                      0,                      0,                      0,                      0,               0.004654,               0.004654,               0.004654
                    110,                 23.932,                 159.82,                0.03833,                      0,                      0,                      0,                      0,                      0,                      0,                      0,              0.0046045,              0.0046045,              0.0046045
                    111,                 23.652,                 119.68,                 0.0378,                      0,                      0,                      0,                      0,                      0,                      0,                      0,               0.004555,               0.004555,               0.004555
                    112,                 23.999,                 122.58,                 0.0372,                      0,                      0,                      0,                      0,                      0,                      0,                      0,              0.0045055,              0.0045055,              0.0045055
                    113,                 23.692,                 130.64,                0.03745,                      0,                      0,                      0,                      0,                      0,                      0,                      0,               0.004456,               0.004456,               0.004456
                    114,                 23.572,                 138.52,                0.03683,                      0,                      0,                      0,                      0,                      0,                      0,                      0,              0.0044065,              0.0044065,              0.0044065
                    115,                 23.281,                 112.91,                0.03615,                      0,                      0,                      0,                      0,                      0,                      0,                      0,               0.004357,               0.004357,               0.004357
                    116,                 23.153,                 120.22,                0.03563,                      0,                      0,                      0,                      0,                      0,                      0,                      0,              0.0043075,              0.0043075,              0.0043075
                    117,                 22.879,                 111.19,                0.03542,                      0,                      0,                      0,                      0,                      0,                      0,                      0,               0.004258,               0.004258,               0.004258
                    118,                 22.489,                 135.71,                0.03422,                      0,                      0,                      0,                      0,                      0,                      0,                      0,              0.0042085,              0.0042085,              0.0042085
                    119,                 22.712,                 134.89,                0.03413,                      0,                      0,                      0,                      0,                      0,                      0,                      0,               0.004159,               0.004159,               0.004159
                    120,                 22.349,                 100.75,                0.03321,                      0,                      0,                      0,                      0,                      0,                      0,                      0,              0.0041095,              0.0041095,              0.0041095
                    121,                 22.448,                 123.63,                0.03325,                      0,                      0,                      0,                      0,                      0,                      0,                      0,                0.00406,                0.00406,                0.00406
                    122,                 21.595,                 113.83,                0.03276,                      0,                      0,                      0,                      0,                      0,                      0,                      0,              0.0040105,              0.0040105,              0.0040105
                    123,                 21.274,                 110.42,                0.03178,                      0,                      0,                      0,                      0,                      0,                      0,                      0,               0.003961,               0.003961,               0.003961
                    124,                 21.289,                  125.5,                0.02903,                      0,                      0,                      0,                      0,                      0,                      0,                      0,              0.0039115,              0.0039115,              0.0039115
                    125,                  21.32,                 151.94,                  0.026,                      0,                      0,                      0,                      0,                      0,                      0,                      0,               0.003862,               0.003862,               0.003862
                    126,                 21.441,                 120.01,                0.02504,                      0,                      0,                      0,                      0,                      0,                      0,                      0,              0.0038125,              0.0038125,              0.0038125
                    127,                 21.116,                 95.647,                0.02381,                      0,                      0,                      0,                      0,                      0,                      0,                      0,               0.003763,               0.003763,               0.003763
                    128,                  20.76,                 126.97,                0.02216,                      0,                      0,                      0,                      0,                      0,                      0,                      0,              0.0037135,              0.0037135,              0.0037135
                    129,                 20.862,                 114.87,                 0.0214,                      0,                      0,                      0,                      0,                      0,                      0,                      0,               0.003664,               0.003664,               0.003664
                    130,                  20.42,                 101.04,                0.02005,                      0,                      0,                      0,                      0,                      0,                      0,                      0,              0.0036145,              0.0036145,              0.0036145
                    131,                 20.075,                 154.28,                0.02251,                      0,                      0,                      0,                      0,                      0,                      0,                      0,               0.003565,               0.003565,               0.003565
                    132,                 20.391,                 114.04,                0.02117,                      0,                      0,                      0,                      0,                      0,                      0,                      0,              0.0035155,              0.0035155,              0.0035155
                    133,                 19.853,                  121.3,                0.01812,                      0,                      0,                      0,                      0,                      0,                      0,                      0,               0.003466,               0.003466,               0.003466
                    134,                 19.697,                 119.53,                0.01632,                      0,                      0,                      0,                      0,                      0,                      0,                      0,              0.0034165,              0.0034165,              0.0034165
                    135,                 19.701,                 128.58,                  0.016,                      0,                      0,                      0,                      0,                      0,                      0,                      0,               0.003367,               0.003367,               0.003367
                    136,                  19.39,                 93.051,                0.01506,                      0,                      0,                      0,                      0,                      0,                      0,                      0,              0.0033175,              0.0033175,              0.0033175
                    137,                 19.193,                 77.497,                0.01549,                      0,                      0,                      0,                      0,                      0,                      0,                      0,               0.003268,               0.003268,               0.003268
                    138,                 18.915,                 106.09,                0.01463,                      0,                      0,                      0,                      0,                      0,                      0,                      0,              0.0032185,              0.0032185,              0.0032185
                    139,                 18.738,                 82.863,                0.01416,                      0,                      0,                      0,                      0,                      0,                      0,                      0,               0.003169,               0.003169,               0.003169
                    140,                  18.59,                 106.98,                0.01668,                      0,                      0,                      0,                      0,                      0,                      0,                      0,              0.0031195,              0.0031195,              0.0031195
                    141,                 18.246,                 88.866,                0.01463,                      0,                      0,                      0,                      0,                      0,                      0,                      0,                0.00307,                0.00307,                0.00307
                    142,                 18.051,                 91.306,                0.01259,                      0,                      0,                      0,                      0,                      0,                      0,                      0,              0.0030205,              0.0030205,              0.0030205
                    143,                 17.875,                 96.757,                0.01063,                      0,                      0,                      0,                      0,                      0,                      0,                      0,               0.002971,               0.002971,               0.002971
                    144,                 17.737,                 109.12,                0.00904,                      0,                      0,                      0,                      0,                      0,                      0,                      0,              0.0029215,              0.0029215,              0.0029215
                    145,                  17.51,                  68.76,                0.00787,                      0,                      0,                      0,                      0,                      0,                      0,                      0,               0.002872,               0.002872,               0.002872
                    146,                 17.471,                 85.506,                0.00635,                      0,                      0,                      0,                      0,                      0,                      0,                      0,              0.0028225,              0.0028225,              0.0028225
                    147,                 17.033,                 90.398,                0.00452,                      0,                      0,                      0,                      0,                      0,                      0,                      0,               0.002773,               0.002773,               0.002773
                    148,                 16.936,                 73.955,                0.00412,                      0,                      0,                      0,                      0,                      0,                      0,                      0,              0.0027235,              0.0027235,              0.0027235
                    149,                 16.715,                 59.495,                0.00364,                      0,                      0,                      0,                      0,                      0,                      0,                      0,               0.002674,               0.002674,               0.002674
                    150,                  16.49,                 53.407,                0.00286,                      0,                      0,                      0,                      0,                      0,                      0,                      0,              0.0026245,              0.0026245,              0.0026245
                    151,                 16.407,                 101.34,                0.00301,                      0,                      0,                      0,                      0,                      0,                      0,                      0,               0.002575,               0.002575,               0.002575
                    152,                 16.158,                 90.054,                0.00275,                      0,                      0,                      0,                      0,                      0,                      0,                      0,              0.0025255,              0.0025255,              0.0025255
                    153,                 15.932,                 63.659,                0.00334,                      0,                      0,                      0,                      0,                      0,                      0,                      0,               0.002476,               0.002476,               0.002476
                    154,                  15.67,                 54.065,                0.00405,                      0,                      0,                      0,                      0,                      0,                      0,                      0,              0.0024265,              0.0024265,              0.0024265
                    155,                 15.605,                 83.174,                 0.0049,                      0,                      0,                      0,                      0,                      0,                      0,                      0,               0.002377,               0.002377,               0.002377
                    156,                  15.35,                  62.03,                0.00574,                      0,                      0,                      0,                      0,                      0,                      0,                      0,              0.0023275,              0.0023275,              0.0023275
                    157,                 14.946,                  43.36,                0.00615,                      0,                      0,                      0,                      0,                      0,                      0,                      0,               0.002278,               0.002278,               0.002278
                    158,                 14.745,                  59.02,                0.00702,                      0,                      0,                      0,                      0,                      0,                      0,                      0,              0.0022285,              0.0022285,              0.0022285
                    159,                 14.574,                 93.932,                0.00711,                      0,                      0,                      0,                      0,                      0,                      0,                      0,               0.002179,               0.002179,               0.002179
                    160,                 14.316,                 55.624,                0.00367,                      0,                      0,                      0,                      0,                      0,                      0,                      0,              0.0021295,              0.0021295,              0.0021295
                    161,                 14.071,                 59.913,                0.00231,                      0,                      0,                      0,                      0,                      0,                      0,                      0,                0.00208,                0.00208,                0.00208
                    162,                 13.926,                 60.951,                0.00154,                      0,                      0,                      0,                      0,                      0,                      0,                      0,              0.0020305,              0.0020305,              0.0020305
                    163,                 13.777,                 62.108,                  0.001,                      0,                      0,                      0,                      0,                      0,                      0,                      0,               0.001981,               0.001981,               0.001981
                    164,                 13.436,                 34.617,                0.00061,                      0,                      0,                      0,                      0,                      0,                      0,                      0,              0.0019315,              0.0019315,              0.0019315
                    165,                 13.075,                 25.965,                0.00039,                      0,                      0,                      0,                      0,                      0,                      0,                      0,               0.001882,               0.001882,               0.001882
                    166,                 12.838,                 33.517,                0.00031,                      0,                      0,                      0,                      0,                      0,                      0,                      0,              0.0018325,              0.0018325,              0.0018325
                    167,                 12.566,                 51.178,                0.00023,                      0,                      0,                      0,                      0,                      0,                      0,                      0,               0.001783,               0.001783,               0.001783
                    168,                 12.302,                 15.252,                0.00015,                      0,                      0,                      0,                      0,                      0,                      0,                      0,              0.0017335,              0.0017335,              0.0017335
                    169,                 12.106,                 39.427,                0.00013,                      0,                      0,                      0,                      0,                      0,                      0,                      0,               0.001684,               0.001684,               0.001684
                    170,                 11.899,                 18.828,                0.00011,                      0,                      0,                      0,                      0,                      0,                      0,                      0,              0.0016345,              0.0016345,              0.0016345
                    171,                 11.597,                 11.648,                 0.0001,                      0,                      0,                      0,                      0,                      0,                      0,                      0,               0.001585,               0.001585,               0.001585
                    172,                 11.469,                 24.823,                 0.0001,                      0,                      0,                      0,                      0,                      0,                      0,                      0,              0.0015355,              0.0015355,              0.0015355
                    173,                 11.125,                 13.099,                  9e-05,                      0,                      0,                      0,                      0,                      0,                      0,                      0,               0.001486,               0.001486,               0.001486
                    174,                 10.918,                 10.901,                0.00011,                      0,                      0,                      0,                      0,                      0,                      0,                      0,              0.0014365,              0.0014365,              0.0014365
                    175,                 10.743,                 16.953,                0.00013,                      0,                      0,                      0,                      0,                      0,                      0,                      0,               0.001387,               0.001387,               0.001387
                    176,                 10.408,                 14.015,                0.00011,                      0,                      0,                      0,                      0,                      0,                      0,                      0,              0.0013375,              0.0013375,              0.0013375
                    177,                 10.175,                 8.9712,                  9e-05,                      0,                      0,                      0,                      0,                      0,                      0,                      0,               0.001288,               0.001288,               0.001288
                    178,                 9.8987,                 4.6128,                  6e-05,                      0,                      0,                      0,                      0,                      0,                      0,                      0,              0.0012385,              0.0012385,              0.0012385
                    179,                 9.6932,                 6.1677,                  5e-05,                      0,                      0,                      0,                      0,                      0,                      0,                      0,               0.001189,               0.001189,               0.001189
                    180,                 9.4535,                  4.335,                  4e-05,                      0,                      0,                      0,                      0,                      0,                      0,                      0,              0.0011395,              0.0011395,              0.0011395
                    181,                 9.2503,                 8.6216,                  2e-05,                      0,                      0,                      0,                      0,                      0,                      0,                      0,                0.00109,                0.00109,                0.00109
                    182,                 9.0468,                 3.7374,                  2e-05,                      0,                      0,                      0,                      0,                      0,                      0,                      0,              0.0010405,              0.0010405,              0.0010405
                    183,                 8.7865,                 4.5164,                  2e-05,                      0,                      0,                      0,                      0,                      0,                      0,                      0,               0.000991,               0.000991,               0.000991
                    184,                 8.6101,                 4.7482,                  1e-05,                      0,                      0,                      0,                      0,                      0,                      0,                      0,              0.0009415,              0.0009415,              0.0009415
                    185,                 8.3898,                 3.3035,                  1e-05,                      0,                      0,                      0,                      0,                      0,                      0,                      0,               0.000892,               0.000892,               0.000892
                    186,                 8.1949,                 8.4718,                  1e-05,                      0,                      0,                      0,                      0,                      0,                      0,                      0,              0.0008425,              0.0008425,              0.0008425
                    187,                 7.9944,                 6.1646,                  1e-05,                      0,                      0,                      0,                      0,                      0,                      0,                      0,               0.000793,               0.000793,               0.000793
                    188,                 7.8076,                 2.3526,                  1e-05,                      0,                      0,                      0,                      0,                      0,                      0,                      0,              0.0007435,              0.0007435,              0.0007435
                    189,                  7.637,                  2.257,                  1e-05,                      0,                      0,                      0,                      0,                      0,                      0,                      0,               0.000694,               0.000694,               0.000694
                    190,                 7.4532,                 2.1764,                  1e-05,                      0,                      0,                      0,                      0,                      0,                      0,                      0,              0.0006445,              0.0006445,              0.0006445
                    191,                 7.3015,                 1.8554,                  1e-05,                      0,                      0,                      0,                      0,                      0,                      0,                      0,               0.000595,               0.000595,               0.000595
                    192,                 7.1298,                 3.5175,                  1e-05,                      0,                      0,                      0,                      0,                      0,                      0,                      0,              0.0005455,              0.0005455,              0.0005455
                    193,                 6.9878,                  1.652,                  1e-05,                      0,                      0,                      0,                      0,                      0,                      0,                      0,               0.000496,               0.000496,               0.000496
                    194,                 6.8281,                 1.7334,                  1e-05,                      0,                      0,                      0,                      0,                      0,                      0,                      0,              0.0004465,              0.0004465,              0.0004465
                    195,                 6.6656,                 1.4301,                  1e-05,                      0,                      0,                      0,                      0,                      0,                      0,                      0,               0.000397,               0.000397,               0.000397
                    196,                 6.5473,                 1.5841,                      0,                      0,                      0,                      0,                      0,                      0,                      0,                      0,              0.0003475,              0.0003475,              0.0003475
                    197,                 6.4198,                 1.2863,                      0,                      0,                      0,                      0,                      0,                      0,                      0,                      0,               0.000298,               0.000298,               0.000298
                    198,                 6.2943,                 1.2252,                      0,                      0,                      0,                      0,                      0,                      0,                      0,                      0,              0.0002485,              0.0002485,              0.0002485
                    199,                 6.1923,                 1.1674,                      0,                     10,                      0,                      0,                      0,                      0,                     10,                      0,                 89.812,             2.7726e+05,                      0,               0.000199,               0.000199,               0.000199
