                  epoch,         train/pos_loss,        train/conf_loss,         train/iou_loss,   metrics/precision(B),      metrics/recall(B),       metrics/mAP50(B),    metrics/mAP50-95(B),           val/pos_loss,          val/conf_loss,           val/iou_loss,                 lr/pg0,                 lr/pg1,                 lr/pg2
                      0,                 2.8815,                  14717,                 138.35,                      0,                      0,                      0,                      0,                      0,                      0,                      0,              0.0033305,              0.0033305,              0.0033305
                      1,                 2.9983,                 778.74,                    138,                      0,                      0,                      0,                      0,                      0,                      0,                      0,              0.0066309,              0.0066309,              0.0066309
                      2,                 3.4042,                 490.39,                 134.58,                      0,                      0,                      0,                      0,                      0,                      0,                      0,              0.0098982,              0.0098982,              0.0098982
                      3,                 3.3012,                  355.3,                  125.1,                      0,                      0,                      0,                      0,                      0,                      0,                      0,              0.0098515,              0.0098515,              0.0098515
                      4,                 2.9543,                 271.76,                 114.41,                      0,                      0,                      0,                      0,                      0,                      0,                      0,              0.0098515,              0.0098515,              0.0098515
                      5,                 2.7291,                 221.99,                 105.58,                      0,                      0,                      0,                      0,                      0,                      0,                      0,               0.009802,               0.009802,               0.009802
                      6,                 2.5865,                 186.54,                 98.872,                      0,                      0,                      0,                      0,                      0,                      0,                      0,              0.0097525,              0.0097525,              0.0097525
                      7,                 2.4936,                 161.07,                 93.926,                      0,                      0,                      0,                      0,                      0,                      0,                      0,               0.009703,               0.009703,               0.009703
                      8,                 2.4258,                 139.28,                 89.766,                      0,                      0,                      0,                      0,                      0,                      0,                      0,              0.0096535,              0.0096535,              0.0096535
                      9,                  2.365,                  123.8,                 86.875,                      0,                      0,                      0,                      0,                      0,                      0,                      0,               0.009604,               0.009604,               0.009604
                     10,                 2.3273,                 109.65,                 84.001,                      0,                      0,                      0,                      0,                      0,                      0,                      0,              0.0095545,              0.0095545,              0.0095545
                     11,                 2.2883,                 97.547,                 81.673,                      0,                      0,                      0,                      0,                      0,                      0,                      0,               0.009505,               0.009505,               0.009505
                     12,                 2.2527,                 87.935,                 79.569,                      0,                      0,                      0,                      0,                      0,                      0,                      0,              0.0094555,              0.0094555,              0.0094555
                     13,                 2.2275,                 80.796,                 77.739,                      0,                      0,                      0,                      0,                      0,                      0,                      0,               0.009406,               0.009406,               0.009406
                     14,                 2.2075,                 74.024,                 76.067,                      0,                      0,                      0,                      0,                      0,                      0,                      0,              0.0093565,              0.0093565,              0.0093565
                     15,                  2.184,                 68.826,                 74.497,                      0,                      0,                      0,                      0,                      0,                      0,                      0,               0.009307,               0.009307,               0.009307
                     16,                 2.1602,                 64.957,                 73.227,                      0,                      0,                      0,                      0,                      0,                      0,                      0,              0.0092575,              0.0092575,              0.0092575
                     17,                 2.1387,                 61.128,                 71.861,                      0,                      0,                      0,                      0,                      0,                      0,                      0,               0.009208,               0.009208,               0.009208
                     18,                 2.1227,                 57.813,                 70.607,                      0,                      0,                      0,                      0,                      0,                      0,                      0,              0.0091585,              0.0091585,              0.0091585
                     19,                  2.104,                 54.199,                 69.516,                      0,                      0,                      0,                      0,                      0,                      0,                      0,               0.009109,               0.009109,               0.009109
                     20,                 2.0851,                 52.312,                 68.269,                      0,                      0,                      0,                      0,                      0,                      0,                      0,              0.0090595,              0.0090595,              0.0090595
                     21,                 2.0686,                 50.464,                  67.42,                      0,                      0,                      0,                      0,                      0,                      0,                      0,                0.00901,                0.00901,                0.00901
                     22,                 2.0509,                 46.581,                  66.54,                      0,                      0,                      0,                      0,                      0,                      0,                      0,              0.0089605,              0.0089605,              0.0089605
                     23,                 2.0374,                 45.076,                 65.351,                      0,                      0,                      0,                      0,                      0,                      0,                      0,               0.008911,               0.008911,               0.008911
                     24,                 2.0227,                 43.627,                 64.458,                      0,                      0,                      0,                      0,                      0,                      0,                      0,              0.0088615,              0.0088615,              0.0088615
                     25,                  2.008,                 42.165,                 63.729,                      0,                      0,                      0,                      0,                      0,                      0,                      0,               0.008812,               0.008812,               0.008812
                     26,                 1.9949,                 40.121,                 62.896,                      0,                      0,                      0,                      0,                      0,                      0,                      0,              0.0087625,              0.0087625,              0.0087625
                     27,                 1.9812,                 39.063,                 61.849,                      0,                      0,                      0,                      0,                      0,                      0,                      0,               0.008713,               0.008713,               0.008713
                     28,                 1.9661,                 37.346,                 60.848,                      0,                      0,                      0,                      0,                      0,                      0,                      0,              0.0086635,              0.0086635,              0.0086635
                     29,                 1.9572,                 37.445,                 60.493,                      0,                      0,                      0,                      0,                      0,                      0,                      0,               0.008614,               0.008614,               0.008614
                     30,                 1.9438,                 34.914,                 59.721,                      0,                      0,                      0,                      0,                      0,                      0,                      0,              0.0085645,              0.0085645,              0.0085645
                     31,                 1.9338,                 34.805,                 58.936,                      0,                      0,                      0,                      0,                      0,                      0,                      0,               0.008515,               0.008515,               0.008515
                     32,                 1.9255,                 33.741,                 58.325,                      0,                      0,                      0,                      0,                      0,                      0,                      0,              0.0084655,              0.0084655,              0.0084655
                     33,                 1.9116,                 32.784,                 57.898,                      0,                      0,                      0,                      0,                      0,                      0,                      0,               0.008416,               0.008416,               0.008416
                     34,                 1.9038,                  31.46,                 57.075,                      0,                      0,                      0,                      0,                      0,                      0,                      0,              0.0083665,              0.0083665,              0.0083665
                     35,                 1.8957,                 30.957,                 56.236,                      0,                      0,                      0,                      0,                      0,                      0,                      0,               0.008317,               0.008317,               0.008317
                     36,                 1.8874,                 30.165,                 55.894,                      0,                      0,                      0,                      0,                      0,                      0,                      0,              0.0082675,              0.0082675,              0.0082675
                     37,                 1.8791,                 29.388,                 55.331,                      0,                      0,                      0,                      0,                      0,                      0,                      0,               0.008218,               0.008218,               0.008218
                     38,                 1.8681,                  28.32,                 54.677,                      0,                      0,                      0,                      0,                      0,                      0,                      0,              0.0081685,              0.0081685,              0.0081685
                     39,                 1.8577,                 27.562,                 53.934,                      0,                      0,                      0,                      0,                      0,                      0,                      0,               0.008119,               0.008119,               0.008119
                     40,                 1.8532,                 26.501,                 53.641,                      0,                      0,                      0,                      0,                      0,                      0,                      0,              0.0080695,              0.0080695,              0.0080695
                     41,                 1.8458,                 26.332,                 53.044,                      0,                      0,                      0,                      0,                      0,                      0,                      0,                0.00802,                0.00802,                0.00802
                     42,                  1.838,                 26.983,                 52.464,                      0,                      0,                      0,                      0,                      0,                      0,                      0,              0.0079705,              0.0079705,              0.0079705
                     43,                  1.831,                 24.719,                 52.073,                      0,                      0,                      0,                      0,                      0,                      0,                      0,               0.007921,               0.007921,               0.007921
                     44,                 1.8244,                 24.384,                 51.821,                      0,                      0,                      0,                      0,                      0,                      0,                      0,              0.0078715,              0.0078715,              0.0078715
                     45,                 1.8182,                 24.406,                 51.037,                      0,                      0,                      0,                      0,                      0,                      0,                      0,               0.007822,               0.007822,               0.007822
                     46,                 1.8119,                  23.61,                 50.626,                      0,                      0,                      0,                      0,                      0,                      0,                      0,              0.0077725,              0.0077725,              0.0077725
                     47,                 1.8052,                 22.453,                 50.206,                      0,                      0,                      0,                      0,                      0,                      0,                      0,               0.007723,               0.007723,               0.007723
                     48,                  1.799,                 23.076,                 49.715,                      0,                      0,                      0,                      0,                      0,                      0,                      0,              0.0076735,              0.0076735,              0.0076735
                     49,                  1.793,                 22.039,                 49.418,                      0,                      0,                      0,                      0,                      0,                      0,                      0,               0.007624,               0.007624,               0.007624
                     50,                 1.7864,                 21.506,                 48.844,                      0,                      0,                      0,                      0,                      0,                      0,                      0,              0.0075745,              0.0075745,              0.0075745
                     51,                 1.7807,                 21.656,                 48.556,                      0,                      0,                      0,                      0,                      0,                      0,                      0,               0.007525,               0.007525,               0.007525
                     52,                 1.7758,                 20.562,                 48.332,                      0,                      0,                      0,                      0,                      0,                      0,                      0,              0.0074755,              0.0074755,              0.0074755
                     53,                 1.7679,                 21.061,                 47.807,                      0,                      0,                      0,                      0,                      0,                      0,                      0,               0.007426,               0.007426,               0.007426
                     54,                 1.7662,                 20.012,                 47.362,                      0,                      0,                      0,                      0,                      0,                      0,                      0,              0.0073765,              0.0073765,              0.0073765
                     55,                 1.7606,                 19.171,                 47.043,                      0,                      0,                      0,                      0,                      0,                      0,                      0,               0.007327,               0.007327,               0.007327
                     56,                 1.7542,                 19.459,                 46.457,                      0,                      0,                      0,                      0,                      0,                      0,                      0,              0.0072775,              0.0072775,              0.0072775
                     57,                 1.7499,                  19.37,                 46.174,                      0,                      0,                      0,                      0,                      0,                      0,                      0,               0.007228,               0.007228,               0.007228
                     58,                 1.7468,                 18.522,                 45.715,                      0,                      0,                      0,                      0,                      0,                      0,                      0,              0.0071785,              0.0071785,              0.0071785
                     59,                 1.7386,                 18.162,                 45.491,                      0,                      0,                      0,                      0,                      0,                      0,                      0,               0.007129,               0.007129,               0.007129
                     60,                 1.7357,                 17.805,                 44.894,                      0,                      0,                      0,                      0,                      0,                      0,                      0,              0.0070795,              0.0070795,              0.0070795
                     61,                 1.7308,                 16.994,                 44.684,                      0,                      0,                      0,                      0,                      0,                      0,                      0,                0.00703,                0.00703,                0.00703
                     62,                 1.7271,                 16.555,                 44.315,                      0,                      0,                      0,                      0,                      0,                      0,                      0,              0.0069805,              0.0069805,              0.0069805
                     63,                 1.7234,                 16.684,                 44.329,                      0,                      0,                      0,                      0,                      0,                      0,                      0,               0.006931,               0.006931,               0.006931
                     64,                  1.718,                 16.084,                 43.953,                      0,                      0,                      0,                      0,                      0,                      0,                      0,              0.0068815,              0.0068815,              0.0068815
                     65,                 1.7102,                 16.432,                 43.304,                      0,                      0,                      0,                      0,                      0,                      0,                      0,               0.006832,               0.006832,               0.006832
                     66,                 1.7107,                 15.626,                 43.058,                      0,                      0,                      0,                      0,                      0,                      0,                      0,              0.0067825,              0.0067825,              0.0067825
                     67,                  1.707,                 15.732,                 42.799,                      0,                      0,                      0,                      0,                      0,                      0,                      0,               0.006733,               0.006733,               0.006733
                     68,                 1.7012,                  14.68,                 42.198,                      0,                      0,                      0,                      0,                      0,                      0,                      0,              0.0066835,              0.0066835,              0.0066835
                     69,                    1.7,                 15.751,                 42.212,                      0,                      0,                      0,                      0,                      0,                      0,                      0,               0.006634,               0.006634,               0.006634
                     70,                 1.6972,                 15.195,                 41.865,                      0,                      0,                      0,                      0,                      0,                      0,                      0,              0.0065845,              0.0065845,              0.0065845
                     71,                 1.6927,                 14.054,                 41.523,                      0,                      0,                      0,                      0,                      0,                      0,                      0,               0.006535,               0.006535,               0.006535
                     72,                 1.6865,                 14.312,                 41.486,                      0,                      0,                      0,                      0,                      0,                      0,                      0,              0.0064855,              0.0064855,              0.0064855
                     73,                 1.6855,                 14.239,                 40.815,                      0,                      0,                      0,                      0,                      0,                      0,                      0,               0.006436,               0.006436,               0.006436
                     74,                 1.6808,                 13.987,                 40.475,                      0,                      0,                      0,                      0,                      0,                      0,                      0,              0.0063865,              0.0063865,              0.0063865
                     75,                 1.6776,                 12.993,                 40.298,                      0,                      0,                      0,                      0,                      0,                      0,                      0,               0.006337,               0.006337,               0.006337
                     76,                 1.6748,                 12.927,                 40.053,                      0,                      0,                      0,                      0,                      0,                      0,                      0,              0.0062875,              0.0062875,              0.0062875
                     77,                  1.672,                  13.09,                 39.756,                      0,                      0,                      0,                      0,                      0,                      0,                      0,               0.006238,               0.006238,               0.006238
                     78,                 1.6685,                 12.526,                 39.416,                      0,                      0,                      0,                      0,                      0,                      0,                      0,              0.0061885,              0.0061885,              0.0061885
                     79,                 1.6657,                 12.255,                 39.155,                      0,                      0,                      0,                      0,                      0,                      0,                      0,               0.006139,               0.006139,               0.006139
                     80,                 1.6634,                  11.83,                 39.156,                      0,                      0,                      0,                      0,                      0,                      0,                      0,              0.0060895,              0.0060895,              0.0060895
                     81,                 1.6599,                 12.409,                 38.709,                      0,                      0,                      0,                      0,                      0,                      0,                      0,                0.00604,                0.00604,                0.00604
                     82,                 1.6576,                 11.313,                 38.142,                      0,                      0,                      0,                      0,                      0,                      0,                      0,              0.0059905,              0.0059905,              0.0059905
                     83,                 1.6556,                 11.615,                 38.074,                      0,                      0,                      0,                      0,                      0,                      0,                      0,               0.005941,               0.005941,               0.005941
                     84,                 1.6531,                 11.257,                 37.952,                      0,                      0,                      0,                      0,                      0,                      0,                      0,              0.0058915,              0.0058915,              0.0058915
                     85,                   1.65,                 11.169,                 37.721,                      0,                      0,                      0,                      0,                      0,                      0,                      0,               0.005842,               0.005842,               0.005842
                     86,                 1.6476,                 10.188,                 37.402,                      0,                      0,                      0,                      0,                      0,                      0,                      0,              0.0057925,              0.0057925,              0.0057925
                     87,                 1.6448,                 10.713,                  37.34,                      0,                      0,                      0,                      0,                      0,                      0,                      0,               0.005743,               0.005743,               0.005743
                     88,                 1.6422,                 10.132,                 36.786,                      0,                      0,                      0,                      0,                      0,                      0,                      0,              0.0056935,              0.0056935,              0.0056935
                     89,                 1.6408,                 10.208,                 36.751,                      0,                      0,                      0,                      0,                      0,                      0,                      0,               0.005644,               0.005644,               0.005644
                     90,                 1.6368,                 10.137,                  36.36,                      0,                      0,                      0,                      0,                      0,                      0,                      0,              0.0055945,              0.0055945,              0.0055945
                     91,                 1.6339,                 9.7312,                 36.201,                      0,                      0,                      0,                      0,                      0,                      0,                      0,               0.005545,               0.005545,               0.005545
                     92,                 1.6306,                 9.0218,                 35.885,                      0,                      0,                      0,                      0,                      0,                      0,                      0,              0.0054955,              0.0054955,              0.0054955
                     93,                 1.6297,                 9.0179,                  35.74,                      0,                      0,                      0,                      0,                      0,                      0,                      0,               0.005446,               0.005446,               0.005446
                     94,                 1.6281,                 8.6696,                 35.265,                      0,                      0,                      0,                      0,                      0,                      0,                      0,              0.0053965,              0.0053965,              0.0053965
                     95,                 1.6238,                 8.8609,                 34.897,                      0,                      0,                      0,                      0,                      0,                      0,                      0,               0.005347,               0.005347,               0.005347
                     96,                  1.625,                 8.6219,                   34.7,                      0,                      0,                      0,                      0,                      0,                      0,                      0,              0.0052975,              0.0052975,              0.0052975
                     97,                 1.6225,                 8.7901,                 34.771,                      0,                      0,                      0,                      0,                      0,                      0,                      0,               0.005248,               0.005248,               0.005248
                     98,                 1.6207,                 7.7374,                 34.217,                      0,                      0,                      0,                      0,                      0,                      0,                      0,              0.0051985,              0.0051985,              0.0051985
                     99,                 1.6181,                 8.2738,                 34.041,                      0,                      0,                      0,                      0,                      0,                      0,                      0,               0.005149,               0.005149,               0.005149
                    100,                  1.617,                 8.4086,                 33.908,                      0,                      0,                      0,                      0,                      0,                      0,                      0,              0.0050995,              0.0050995,              0.0050995
                    101,                 1.6159,                 8.0399,                 33.354,                      0,                      0,                      0,                      0,                      0,                      0,                      0,                0.00505,                0.00505,                0.00505
                    102,                 1.6128,                 7.5408,                 33.359,                      0,                      0,                      0,                      0,                      0,                      0,                      0,              0.0050005,              0.0050005,              0.0050005
                    103,                 1.6096,                 7.2181,                 33.043,                      0,                      0,                      0,                      0,                      0,                      0,                      0,               0.004951,               0.004951,               0.004951
                    104,                 1.6072,                 7.9134,                  32.64,                      0,                      0,                      0,                      0,                      0,                      0,                      0,              0.0049015,              0.0049015,              0.0049015
                    105,                 1.6053,                 6.6775,                 32.635,                      0,                      0,                      0,                      0,                      0,                      0,                      0,               0.004852,               0.004852,               0.004852
                    106,                 1.6034,                 6.8554,                 32.182,                      0,                      0,                      0,                      0,                      0,                      0,                      0,              0.0048025,              0.0048025,              0.0048025
                    107,                 1.6016,                 6.5038,                 32.118,                      0,                      0,                      0,                      0,                      0,                      0,                      0,               0.004753,               0.004753,               0.004753
                    108,                 1.6007,                 6.1181,                 32.003,                      0,                      0,                      0,                      0,                      0,                      0,                      0,              0.0047035,              0.0047035,              0.0047035
                    109,                 1.5981,                 6.6392,                 31.706,                      0,                      0,                      0,                      0,                      0,                      0,                      0,               0.004654,               0.004654,               0.004654
                    110,                 1.5957,                  6.437,                  31.22,                      0,                      0,                      0,                      0,                      0,                      0,                      0,              0.0046045,              0.0046045,              0.0046045
                    111,                 1.5944,                 6.1022,                 30.954,                      0,                      0,                      0,                      0,                      0,                      0,                      0,               0.004555,               0.004555,               0.004555
                    112,                 1.5937,                 5.6401,                 30.875,                      0,                      0,                      0,                      0,                      0,                      0,                      0,              0.0045055,              0.0045055,              0.0045055
                    113,                 1.5909,                 5.5269,                 30.859,                      0,                      0,                      0,                      0,                      0,                      0,                      0,               0.004456,               0.004456,               0.004456
                    114,                 1.5878,                 5.6375,                 30.904,                      0,                      0,                      0,                      0,                      0,                      0,                      0,              0.0044065,              0.0044065,              0.0044065
                    115,                 1.5871,                 4.9967,                 30.414,                      0,                      0,                      0,                      0,                      0,                      0,                      0,               0.004357,               0.004357,               0.004357
                    116,                 1.5846,                 5.2836,                 29.986,                      0,                      0,                      0,                      0,                      0,                      0,                      0,              0.0043075,              0.0043075,              0.0043075
                    117,                 1.5837,                 5.1969,                 29.622,                      0,                      0,                      0,                      0,                      0,                      0,                      0,               0.004258,               0.004258,               0.004258
                    118,                 1.5811,                 5.2992,                 29.231,                      0,                      0,                      0,                      0,                      0,                      0,                      0,              0.0042085,              0.0042085,              0.0042085
                    119,                 1.5782,                 4.5602,                 29.102,                      0,                      0,                      0,                      0,                      0,                      0,                      0,               0.004159,               0.004159,               0.004159
                    120,                 1.5776,                 4.6635,                   28.8,                      0,                      0,                      0,                      0,                      0,                      0,                      0,              0.0041095,              0.0041095,              0.0041095
                    121,                 1.5758,                  4.739,                 28.542,                      0,                      0,                      0,                      0,                      0,                      0,                      0,                0.00406,                0.00406,                0.00406
                    122,                 1.5751,                 3.7631,                 28.288,                      0,                      0,                      0,                      0,                      0,                      0,                      0,              0.0040105,              0.0040105,              0.0040105
                    123,                 1.5736,                  4.164,                 28.277,                      0,                      0,                      0,                      0,                      0,                      0,                      0,               0.003961,               0.003961,               0.003961
                    124,                 1.5712,                 3.6433,                 27.949,                      0,                      0,                      0,                      0,                      0,                      0,                      0,              0.0039115,              0.0039115,              0.0039115
                    125,                 1.5699,                 3.7237,                 27.644,                      0,                      0,                      0,                      0,                      0,                      0,                      0,               0.003862,               0.003862,               0.003862
                    126,                 1.5691,                 4.2691,                 27.529,                      0,                      0,                      0,                      0,                      0,                      0,                      0,              0.0038125,              0.0038125,              0.0038125
                    127,                  1.568,                 3.9552,                 27.183,                      0,                      0,                      0,                      0,                      0,                      0,                      0,               0.003763,               0.003763,               0.003763
                    128,                 1.5658,                 3.8593,                 26.877,                      0,                      0,                      0,                      0,                      0,                      0,                      0,              0.0037135,              0.0037135,              0.0037135
                    129,                 1.5628,                 3.1054,                 26.559,                      0,                      0,                      0,                      0,                      0,                      0,                      0,               0.003664,               0.003664,               0.003664
                    130,                 1.5614,                 2.8952,                 26.499,                      0,                      0,                      0,                      0,                      0,                      0,                      0,              0.0036145,              0.0036145,              0.0036145
                    131,                 1.5607,                 3.0535,                 26.254,                      0,                      0,                      0,                      0,                      0,                      0,                      0,               0.003565,               0.003565,               0.003565
                    132,                 1.5574,                 2.4608,                 25.912,                      0,                      0,                      0,                      0,                      0,                      0,                      0,              0.0035155,              0.0035155,              0.0035155
                    133,                  1.556,                  2.386,                 25.773,                      0,                      0,                      0,                      0,                      0,                      0,                      0,               0.003466,               0.003466,               0.003466
                    134,                 1.5544,                 2.6923,                 25.432,                      0,                      0,                      0,                      0,                      0,                      0,                      0,              0.0034165,              0.0034165,              0.0034165
                    135,                  1.553,                 2.9314,                 25.136,                      0,                      0,                      0,                      0,                      0,                      0,                      0,               0.003367,               0.003367,               0.003367
                    136,                 1.5512,                 2.4329,                 24.798,                      0,                      0,                      0,                      0,                      0,                      0,                      0,              0.0033175,              0.0033175,              0.0033175
                    137,                 1.5506,                 2.5054,                 24.712,                      0,                      0,                      0,                      0,                      0,                      0,                      0,               0.003268,               0.003268,               0.003268
                    138,                 1.5483,                 2.3714,                 24.298,                      0,                      0,                      0,                      0,                      0,                      0,                      0,              0.0032185,              0.0032185,              0.0032185
                    139,                 1.5478,                 1.7245,                 24.067,                      0,                      0,                      0,                      0,                      0,                      0,                      0,               0.003169,               0.003169,               0.003169
                    140,                 1.5457,                 1.6867,                 23.744,                      0,                      0,                      0,                      0,                      0,                      0,                      0,              0.0031195,              0.0031195,              0.0031195
                    141,                 1.5447,                 1.0959,                 23.497,                      0,                      0,                      0,                      0,                      0,                      0,                      0,                0.00307,                0.00307,                0.00307
                    142,                 1.5432,                 1.0778,                 23.253,                      0,                      0,                      0,                      0,                      0,                      0,                      0,              0.0030205,              0.0030205,              0.0030205
                    143,                 1.5412,                  1.397,                 22.917,                      0,                      0,                      0,                      0,                      0,                      0,                      0,               0.002971,               0.002971,               0.002971
                    144,                 1.5393,                 1.1365,                 22.657,                      0,                      0,                      0,                      0,                      0,                      0,                      0,              0.0029215,              0.0029215,              0.0029215
                    145,                 1.5378,                 1.1714,                  22.44,                      0,                      0,                      0,                      0,                      0,                      0,                      0,               0.002872,               0.002872,               0.002872
                    146,                 1.5364,                0.84788,                 22.134,                      0,                      0,                      0,                      0,                      0,                      0,                      0,              0.0028225,              0.0028225,              0.0028225
                    147,                 1.5345,                0.95037,                 21.806,                      0,                      0,                      0,                      0,                      0,                      0,                      0,               0.002773,               0.002773,               0.002773
                    148,                 1.5331,                0.81319,                 21.461,                      0,                      0,                      0,                      0,                      0,                      0,                      0,              0.0027235,              0.0027235,              0.0027235
                    149,                  1.531,                0.62184,                 21.093,                      0,                      0,                      0,                      0,                      0,                      0,                      0,               0.002674,               0.002674,               0.002674
                    150,                 1.5291,                0.68774,                 20.816,                      0,                      0,                      0,                      0,                      0,                      0,                      0,              0.0026245,              0.0026245,              0.0026245
                    151,                  1.527,                0.45012,                 20.486,                      0,                      0,                      0,                      0,                      0,                      0,                      0,               0.002575,               0.002575,               0.002575
                    152,                  1.526,                0.44671,                  20.22,                      0,                      0,                      0,                      0,                      0,                      0,                      0,              0.0025255,              0.0025255,              0.0025255
                    153,                 1.5254,                0.31366,                 19.998,                      0,                      0,                      0,                      0,                      0,                      0,                      0,               0.002476,               0.002476,               0.002476
                    154,                 1.5248,                 0.3018,                 19.688,                      0,                      0,                      0,                      0,                      0,                      0,                      0,              0.0024265,              0.0024265,              0.0024265
                    155,                  1.522,                0.19885,                 19.404,                      0,                      0,                      0,                      0,                      0,                      0,                      0,               0.002377,               0.002377,               0.002377
                    156,                 1.5218,                0.17597,                 19.126,                      0,                      0,                      0,                      0,                      0,                      0,                      0,              0.0023275,              0.0023275,              0.0023275
                    157,                 1.5208,                0.18929,                 18.856,                      0,                      0,                      0,                      0,                      0,                      0,                      0,               0.002278,               0.002278,               0.002278
                    158,                 1.5194,                0.22646,                 18.568,                      0,                      0,                      0,                      0,                      0,                      0,                      0,              0.0022285,              0.0022285,              0.0022285
                    159,                 1.5178,                0.31242,                 18.259,                      0,                      0,                      0,                      0,                      0,                      0,                      0,               0.002179,               0.002179,               0.002179
                    160,                 1.5174,                0.15202,                 17.994,                      0,                      0,                      0,                      0,                      0,                      0,                      0,              0.0021295,              0.0021295,              0.0021295
                    161,                 1.5152,                 0.1341,                 17.717,                      0,                      0,                      0,                      0,                      0,                      0,                      0,                0.00208,                0.00208,                0.00208
                    162,                 1.5142,                 0.0766,                 17.439,                      0,                      0,                      0,                      0,                      0,                      0,                      0,              0.0020305,              0.0020305,              0.0020305
                    163,                 1.5126,                0.03756,                 17.192,                      0,                      0,                      0,                      0,                      0,                      0,                      0,               0.001981,               0.001981,               0.001981
                    164,                 1.5121,                0.03571,                 16.937,                      0,                      0,                      0,                      0,                      0,                      0,                      0,              0.0019315,              0.0019315,              0.0019315
                    165,                 1.5114,                0.02853,                 16.625,                      0,                      0,                      0,                      0,                      0,                      0,                      0,               0.001882,               0.001882,               0.001882
                    166,                 1.5114,                0.02606,                 16.398,                      0,                      0,                      0,                      0,                      0,                      0,                      0,              0.0018325,              0.0018325,              0.0018325
                    167,                 1.5094,                0.02525,                 16.079,                      0,                      0,                      0,                      0,                      0,                      0,                      0,               0.001783,               0.001783,               0.001783
                    168,                  1.508,                0.02356,                 15.867,                      0,                      0,                      0,                      0,                      0,                      0,                      0,              0.0017335,              0.0017335,              0.0017335
                    169,                 1.5082,                0.02289,                 15.604,                      0,                      0,                      0,                      0,                      0,                      0,                      0,               0.001684,               0.001684,               0.001684
                    170,                 1.5062,                0.02195,                 15.302,                      0,                      0,                      0,                      0,                      0,                      0,                      0,              0.0016345,              0.0016345,              0.0016345
                    171,                 1.5058,                0.02107,                 15.103,                      0,                      0,                      0,                      0,                      0,                      0,                      0,               0.001585,               0.001585,               0.001585
                    172,                 1.5051,                0.02081,                 14.896,                      0,                      0,                      0,                      0,                      0,                      0,                      0,              0.0015355,              0.0015355,              0.0015355
                    173,                 1.5042,                0.02007,                 14.629,                      0,                      0,                      0,                      0,                      0,                      0,                      0,               0.001486,               0.001486,               0.001486
                    174,                 1.5039,                0.01902,                 14.353,                      0,                      0,                      0,                      0,                      0,                      0,                      0,              0.0014365,              0.0014365,              0.0014365
                    175,                 1.5031,                0.01934,                 14.155,                      0,                      0,                      0,                      0,                      0,                      0,                      0,               0.001387,               0.001387,               0.001387
                    176,                 1.5019,                0.01812,                 13.893,                      0,                      0,                      0,                      0,                      0,                      0,                      0,              0.0013375,              0.0013375,              0.0013375
                    177,                 1.5014,                0.01772,                 13.649,                      0,                      0,                      0,                      0,                      0,                      0,                      0,               0.001288,               0.001288,               0.001288
                    178,                 1.5003,                0.01732,                 13.438,                      0,                      0,                      0,                      0,                      0,                      0,                      0,              0.0012385,              0.0012385,              0.0012385
                    179,                 1.4995,                0.01664,                 13.182,                      0,                      0,                      0,                      0,                      0,                      0,                      0,               0.001189,               0.001189,               0.001189
                    180,                  1.499,                0.01655,                 12.983,                      0,                      0,                      0,                      0,                      0,                      0,                      0,              0.0011395,              0.0011395,              0.0011395
                    181,                 1.4991,                0.01909,                 12.767,                      0,                      0,                      0,                      0,                      0,                      0,                      0,                0.00109,                0.00109,                0.00109
                    182,                  1.498,                0.01642,                 12.557,                      0,                      0,                      0,                      0,                      0,                      0,                      0,              0.0010405,              0.0010405,              0.0010405
                    183,                 1.4977,                 0.0157,                 12.322,                      0,                      0,                      0,                      0,                      0,                      0,                      0,               0.000991,               0.000991,               0.000991
                    184,                 1.4973,                0.01548,                 12.132,                      0,                      0,                      0,                      0,                      0,                      0,                      0,              0.0009415,              0.0009415,              0.0009415
                    185,                 1.4961,                0.01512,                 11.931,                      0,                      0,                      0,                      0,                      0,                      0,                      0,               0.000892,               0.000892,               0.000892
                    186,                 1.4959,                0.01463,                 11.709,                      0,                      0,                      0,                      0,                      0,                      0,                      0,              0.0008425,              0.0008425,              0.0008425
                    187,                 1.4955,                0.01481,                 11.514,                      0,                      0,                      0,                      0,                      0,                      0,                      0,               0.000793,               0.000793,               0.000793
                    188,                  1.495,                0.01427,                 11.313,                      0,                      0,                      0,                      0,                      0,                      0,                      0,              0.0007435,              0.0007435,              0.0007435
                    189,                 1.4943,                0.01427,                 11.142,                      0,                      0,                      0,                      0,                      0,                      0,                      0,               0.000694,               0.000694,               0.000694
                    190,                 1.4941,                0.01379,                 10.966,                      0,                      0,                      0,                      0,                      0,                      0,                      0,              0.0006445,              0.0006445,              0.0006445
                    191,                  1.494,                0.01395,                  10.76,                      0,                      0,                      0,                      0,                      0,                      0,                      0,               0.000595,               0.000595,               0.000595
                    192,                 1.4931,                0.01358,                 10.581,                      0,                      0,                      0,                      0,                      0,                      0,                      0,              0.0005455,              0.0005455,              0.0005455
                    193,                 1.4928,                0.01345,                 10.425,                      0,                      0,                      0,                      0,                      0,                      0,                      0,               0.000496,               0.000496,               0.000496
                    194,                 1.4929,                 0.0131,                  10.27,                      0,                      0,                      0,                      0,                      0,                      0,                      0,              0.0004465,              0.0004465,              0.0004465
                    195,                 1.4924,                0.01299,                 10.107,                      0,                      0,                      0,                      0,                      0,                      0,                      0,               0.000397,               0.000397,               0.000397
                    196,                 1.4918,                0.01304,                 9.9662,                      0,                      0,                      0,                      0,                      0,                      0,                      0,              0.0003475,              0.0003475,              0.0003475
                    197,                 1.4915,                0.01299,                 9.8051,                      0,                      0,                      0,                      0,                      0,                      0,                      0,               0.000298,               0.000298,               0.000298
                    198,                 1.4918,                 0.0129,                  9.684,                      0,                      0,                      0,                      0,                      0,                      0,                      0,              0.0002485,              0.0002485,              0.0002485
                    199,                 1.4908,                 0.0127,                 9.5611,                      0,                      0,                      0,                      0,                      0,                      0,                      0,                 2.9567,                    inf,                     10,               0.000199,               0.000199,               0.000199
